# frozen parity subset (R9): <family>	<exact diff line> — 83 lines, diff.txt order
G-inversion	skipped passed ckr/test_ckr_decrypt.py::TestDecryptDataErrors::test_key_handle_invalid
E-boundary	passed skipped ckr/test_ckr_derive.py::TestDeriveKeyErrors::test_key_type_inconsistent
G-inversion	skipped passed ckr/test_ckr_sign.py::TestSignInitErrors::test_key_handle_invalid
G-inversion	skipped passed ckr/test_ckr_verify.py::TestVerifyInitErrors::test_key_handle_invalid
G-inversion	skipped passed security/test_operation_state_uaf.py::TestDigestOperationStateUAF::test_digest_key_after_destroy_does_not_crash
E-boundary	passed skipped security/test_recover_length_boundary.py::TestRecoverOutputLengthBoundary::test_verify_recover_inflated_pul_data_len_does_not_crash
B-blowfish	passed skipped test_blowfish.py::TestBlowfishEncryption::test_blowfish_cbc_different_ivs
B-blowfish	passed skipped test_blowfish.py::TestBlowfishEncryption::test_blowfish_cbc_pad_different_keys
B-blowfish	passed skipped test_blowfish.py::TestBlowfishEncryption::test_blowfish_cbc_pad_roundtrip
B-blowfish	passed skipped test_blowfish.py::TestBlowfishEncryption::test_blowfish_cbc_roundtrip
B-blowfish	passed skipped test_mech_encrypt.py::TestMechEncryptKAT::test_kat_vector[BLOWFISH_CBC]
B-blowfish	passed skipped test_mech_encrypt.py::TestMechEncryptKAT::test_kat_vector[BLOWFISH_CBC_PAD]
B-blowfish	passed skipped test_mech_encrypt.py::TestMechEncryptRoundtrip::test_roundtrip[BLOWFISH_CBC]
B-blowfish	passed skipped test_mech_encrypt.py::TestMechEncryptRoundtrip::test_roundtrip[BLOWFISH_CBC_PAD]
G-inversion	skipped passed test_mech_message.py::TestRegistryMessageBadParameters::test_registry_message_decrypt_missing_required_param[AES_CTR]
G-inversion	skipped passed test_mech_message.py::TestRegistryMessageBadParameters::test_registry_message_decrypt_missing_required_param[BLOWFISH_CBC]
G-inversion	skipped passed test_mech_message.py::TestRegistryMessageBadParameters::test_registry_message_decrypt_missing_required_param[BLOWFISH_CBC_PAD]
G-inversion	skipped passed test_mech_message.py::TestRegistryMessageBadParameters::test_registry_message_decrypt_missing_required_param[CAMELLIA_CTR]
G-inversion	skipped passed test_mech_message.py::TestRegistryMessageBadParameters::test_registry_message_decrypt_missing_required_param[CHACHA20]
G-inversion	skipped passed test_mech_message.py::TestRegistryMessageBadParameters::test_registry_message_decrypt_missing_required_param[RC2_CBC]
G-inversion	skipped passed test_mech_message.py::TestRegistryMessageBadParameters::test_registry_message_decrypt_missing_required_param[RC2_CBC_PAD]
G-inversion	skipped passed test_mech_message.py::TestRegistryMessageBadParameters::test_registry_message_decrypt_missing_required_param[RC2_ECB]
G-inversion	skipped passed test_mech_message.py::TestRegistryMessageBadParameters::test_registry_message_decrypt_missing_required_param[RSA_PKCS_OAEP]
G-inversion	skipped passed test_mech_message.py::TestRegistryMessageBadParameters::test_registry_message_encrypt_missing_required_param[AES_CTR]
G-inversion	skipped passed test_mech_message.py::TestRegistryMessageBadParameters::test_registry_message_encrypt_missing_required_param[BLOWFISH_CBC]
G-inversion	skipped passed test_mech_message.py::TestRegistryMessageBadParameters::test_registry_message_encrypt_missing_required_param[BLOWFISH_CBC_PAD]
G-inversion	skipped passed test_mech_message.py::TestRegistryMessageBadParameters::test_registry_message_encrypt_missing_required_param[CAMELLIA_CTR]
G-inversion	skipped passed test_mech_message.py::TestRegistryMessageBadParameters::test_registry_message_encrypt_missing_required_param[CHACHA20]
G-inversion	skipped passed test_mech_message.py::TestRegistryMessageBadParameters::test_registry_message_encrypt_missing_required_param[RC2_CBC]
G-inversion	skipped passed test_mech_message.py::TestRegistryMessageBadParameters::test_registry_message_encrypt_missing_required_param[RC2_CBC_PAD]
G-inversion	skipped passed test_mech_message.py::TestRegistryMessageBadParameters::test_registry_message_encrypt_missing_required_param[RC2_ECB]
G-inversion	skipped passed test_mech_message.py::TestRegistryMessageBadParameters::test_registry_message_encrypt_missing_required_param[RSA_PKCS_OAEP]
A-msg-init-0x71	passed skipped test_mech_message.py::TestRegistryMessageInit::test_registry_message_decrypt_init[AES_CTR]
A-msg-init-0x71	passed skipped test_mech_message.py::TestRegistryMessageInit::test_registry_message_decrypt_init[BLOWFISH_CBC]
A-msg-init-0x71	passed skipped test_mech_message.py::TestRegistryMessageInit::test_registry_message_decrypt_init[BLOWFISH_CBC_PAD]
A-msg-init-0x71	passed skipped test_mech_message.py::TestRegistryMessageInit::test_registry_message_decrypt_init[CAMELLIA_CTR]
A-msg-init-0x71	passed skipped test_mech_message.py::TestRegistryMessageInit::test_registry_message_decrypt_init[CHACHA20]
A-msg-init-0x71	passed skipped test_mech_message.py::TestRegistryMessageInit::test_registry_message_decrypt_init[RC2_CBC]
A-msg-init-0x71	passed skipped test_mech_message.py::TestRegistryMessageInit::test_registry_message_decrypt_init[RC2_CBC_PAD]
A-msg-init-0x71	passed skipped test_mech_message.py::TestRegistryMessageInit::test_registry_message_decrypt_init[RC2_ECB]
A-msg-init-0x71	passed skipped test_mech_message.py::TestRegistryMessageInit::test_registry_message_decrypt_init[RSA_PKCS_OAEP]
A-msg-init-0x71	passed skipped test_mech_message.py::TestRegistryMessageInit::test_registry_message_encrypt_init[AES_CTR]
A-msg-init-0x71	passed skipped test_mech_message.py::TestRegistryMessageInit::test_registry_message_encrypt_init[BLOWFISH_CBC]
A-msg-init-0x71	passed skipped test_mech_message.py::TestRegistryMessageInit::test_registry_message_encrypt_init[BLOWFISH_CBC_PAD]
A-msg-init-0x71	passed skipped test_mech_message.py::TestRegistryMessageInit::test_registry_message_encrypt_init[CAMELLIA_CTR]
A-msg-init-0x71	passed skipped test_mech_message.py::TestRegistryMessageInit::test_registry_message_encrypt_init[CHACHA20]
A-msg-init-0x71	passed skipped test_mech_message.py::TestRegistryMessageInit::test_registry_message_encrypt_init[RC2_CBC]
A-msg-init-0x71	passed skipped test_mech_message.py::TestRegistryMessageInit::test_registry_message_encrypt_init[RC2_CBC_PAD]
A-msg-init-0x71	passed skipped test_mech_message.py::TestRegistryMessageInit::test_registry_message_encrypt_init[RC2_ECB]
A-msg-init-0x71	passed skipped test_mech_message.py::TestRegistryMessageInit::test_registry_message_encrypt_init[RSA_PKCS_OAEP]
A-msg-init-0x71	passed skipped test_mech_message.py::TestRegistryMessageWrongKeyType::test_registry_message_decrypt_wrong_key_type[AES_CTR]
A-msg-init-0x71	passed skipped test_mech_message.py::TestRegistryMessageWrongKeyType::test_registry_message_decrypt_wrong_key_type[BLOWFISH_CBC]
A-msg-init-0x71	passed skipped test_mech_message.py::TestRegistryMessageWrongKeyType::test_registry_message_decrypt_wrong_key_type[BLOWFISH_CBC_PAD]
A-msg-init-0x71	passed skipped test_mech_message.py::TestRegistryMessageWrongKeyType::test_registry_message_decrypt_wrong_key_type[CAMELLIA_CTR]
A-msg-init-0x71	passed skipped test_mech_message.py::TestRegistryMessageWrongKeyType::test_registry_message_decrypt_wrong_key_type[CHACHA20]
A-msg-init-0x71	passed skipped test_mech_message.py::TestRegistryMessageWrongKeyType::test_registry_message_decrypt_wrong_key_type[RC2_CBC]
A-msg-init-0x71	passed skipped test_mech_message.py::TestRegistryMessageWrongKeyType::test_registry_message_decrypt_wrong_key_type[RC2_CBC_PAD]
A-msg-init-0x71	passed skipped test_mech_message.py::TestRegistryMessageWrongKeyType::test_registry_message_decrypt_wrong_key_type[RC2_ECB]
A-msg-init-0x71	passed skipped test_mech_message.py::TestRegistryMessageWrongKeyType::test_registry_message_encrypt_wrong_key_type[AES_CTR]
A-msg-init-0x71	passed skipped test_mech_message.py::TestRegistryMessageWrongKeyType::test_registry_message_encrypt_wrong_key_type[BLOWFISH_CBC]
A-msg-init-0x71	passed skipped test_mech_message.py::TestRegistryMessageWrongKeyType::test_registry_message_encrypt_wrong_key_type[BLOWFISH_CBC_PAD]
A-msg-init-0x71	passed skipped test_mech_message.py::TestRegistryMessageWrongKeyType::test_registry_message_encrypt_wrong_key_type[CAMELLIA_CTR]
A-msg-init-0x71	passed skipped test_mech_message.py::TestRegistryMessageWrongKeyType::test_registry_message_encrypt_wrong_key_type[CHACHA20]
A-msg-init-0x71	passed skipped test_mech_message.py::TestRegistryMessageWrongKeyType::test_registry_message_encrypt_wrong_key_type[RC2_CBC]
A-msg-init-0x71	passed skipped test_mech_message.py::TestRegistryMessageWrongKeyType::test_registry_message_encrypt_wrong_key_type[RC2_CBC_PAD]
A-msg-init-0x71	passed skipped test_mech_message.py::TestRegistryMessageWrongKeyType::test_registry_message_encrypt_wrong_key_type[RC2_ECB]
B-blowfish	passed skipped test_mech_multipart.py::TestMultipartEncrypt::test_streaming_equals_single[BLOWFISH_CBC]
B-blowfish	passed skipped test_mech_multipart.py::TestMultipartEncrypt::test_streaming_equals_single[BLOWFISH_CBC_PAD]
B-blowfish	passed skipped test_mech_negative.py::TestMissingPermission::test_registry_decrypt_without_flag[BLOWFISH_CBC]
B-blowfish	passed skipped test_mech_negative.py::TestMissingPermission::test_registry_decrypt_without_flag[BLOWFISH_CBC_PAD]
B-blowfish	passed skipped test_mech_negative.py::TestMissingPermission::test_registry_encrypt_without_flag[BLOWFISH_CBC]
B-blowfish	passed skipped test_mech_negative.py::TestMissingPermission::test_registry_encrypt_without_flag[BLOWFISH_CBC_PAD]
B-blowfish	passed skipped test_mech_negative.py::TestWrongKeyType::test_registry_decrypt_wrong_key_type[BLOWFISH_CBC]
B-blowfish	passed skipped test_mech_negative.py::TestWrongKeyType::test_registry_decrypt_wrong_key_type[BLOWFISH_CBC_PAD]
B-blowfish	passed skipped test_mech_negative.py::TestWrongKeyType::test_registry_encrypt_wrong_key_type[BLOWFISH_CBC]
B-blowfish	passed skipped test_mech_negative.py::TestWrongKeyType::test_registry_encrypt_wrong_key_type[BLOWFISH_CBC_PAD]
B-blowfish	passed skipped test_operation_termination.py::test_c_encrypt_terminates_after_multipart[BLOWFISH_CBC]
B-blowfish	passed skipped test_operation_termination.py::test_c_encrypt_terminates_after_multipart[BLOWFISH_CBC_PAD]
C-tls12	passed skipped test_tls12.py::TestTLS10PreMasterKeyGen::test_tls_key_and_mac_derive
C-tls12	passed skipped test_tls12.py::TestTLS10PreMasterKeyGen::test_tls_key_and_mac_rejects_template_protection_conflict
D-wtls	passed skipped test_wtls.py::TestWTLSPreMasterKeyGen::test_generate_pre_master_key
D-wtls	passed skipped test_wtls.py::TestWTLSPreMasterKeyGen::test_generate_yields_non_zero_material
D-wtls	passed skipped test_wtls.py::TestWTLSPreMasterKeyGen::test_two_generated_keys_differ
