ordinal_1_based,function,available_interfaces,first_layout,implementation_tasks,acceptance_cases,status,note
1,C_Initialize,2.40;3.0;3.1;3.2,CK_FUNCTION_LIST,T00;T03,A01;A03;A04;A05;A06,planned,Planning seed; regenerate from reconciled byte-pinned headers.
2,C_Finalize,2.40;3.0;3.1;3.2,CK_FUNCTION_LIST,T00;T03,A01;A03;A04;A05;A06,planned,Planning seed; regenerate from reconciled byte-pinned headers.
3,C_GetInfo,2.40;3.0;3.1;3.2,CK_FUNCTION_LIST,T01,A01;A02,planned,Planning seed; regenerate from reconciled byte-pinned headers.
4,C_GetFunctionList,2.40;3.0;3.1;3.2,CK_FUNCTION_LIST,T01,A01;A02,planned,Planning seed; regenerate from reconciled byte-pinned headers.
5,C_GetSlotList,2.40;3.0;3.1;3.2,CK_FUNCTION_LIST,T03,A07;A08;A09;A15,planned,Planning seed; regenerate from reconciled byte-pinned headers.
6,C_GetSlotInfo,2.40;3.0;3.1;3.2,CK_FUNCTION_LIST,T03,A07;A08;A09;A15,planned,Planning seed; regenerate from reconciled byte-pinned headers.
7,C_GetTokenInfo,2.40;3.0;3.1;3.2,CK_FUNCTION_LIST,T03,A07;A08;A09;A15,planned,Planning seed; regenerate from reconciled byte-pinned headers.
8,C_GetMechanismList,2.40;3.0;3.1;3.2,CK_FUNCTION_LIST,T06;T16,A40;A41;A45,planned,Planning seed; regenerate from reconciled byte-pinned headers.
9,C_GetMechanismInfo,2.40;3.0;3.1;3.2,CK_FUNCTION_LIST,T06;T16,A40;A41;A45,planned,Planning seed; regenerate from reconciled byte-pinned headers.
10,C_InitToken,2.40;3.0;3.1;3.2,CK_FUNCTION_LIST,T03,A07;A08;A09;A15,planned,Planning seed; regenerate from reconciled byte-pinned headers.
11,C_InitPIN,2.40;3.0;3.1;3.2,CK_FUNCTION_LIST,T03,A07;A08;A09;A15,planned,Planning seed; regenerate from reconciled byte-pinned headers.
12,C_SetPIN,2.40;3.0;3.1;3.2,CK_FUNCTION_LIST,T03,A07;A08;A09;A15,planned,Planning seed; regenerate from reconciled byte-pinned headers.
13,C_OpenSession,2.40;3.0;3.1;3.2,CK_FUNCTION_LIST,T03,A07;A08;A09;A15,planned,Planning seed; regenerate from reconciled byte-pinned headers.
14,C_CloseSession,2.40;3.0;3.1;3.2,CK_FUNCTION_LIST,T03,A07;A08;A09;A15,planned,Planning seed; regenerate from reconciled byte-pinned headers.
15,C_CloseAllSessions,2.40;3.0;3.1;3.2,CK_FUNCTION_LIST,T03,A07;A08;A09;A15,planned,Planning seed; regenerate from reconciled byte-pinned headers.
16,C_GetSessionInfo,2.40;3.0;3.1;3.2,CK_FUNCTION_LIST,T03,A07;A08;A09;A15,planned,Planning seed; regenerate from reconciled byte-pinned headers.
17,C_GetOperationState,2.40;3.0;3.1;3.2,CK_FUNCTION_LIST,T11,A24,planned,Planning seed; regenerate from reconciled byte-pinned headers.
18,C_SetOperationState,2.40;3.0;3.1;3.2,CK_FUNCTION_LIST,T11,A24,planned,Planning seed; regenerate from reconciled byte-pinned headers.
19,C_Login,2.40;3.0;3.1;3.2,CK_FUNCTION_LIST,T03,A07;A08;A09;A15,planned,Planning seed; regenerate from reconciled byte-pinned headers.
20,C_Logout,2.40;3.0;3.1;3.2,CK_FUNCTION_LIST,T03,A07;A08;A09;A15,planned,Planning seed; regenerate from reconciled byte-pinned headers.
21,C_CreateObject,2.40;3.0;3.1;3.2,CK_FUNCTION_LIST,T04;T05,A10;A11;A12;A13;A14;A15,planned,Planning seed; regenerate from reconciled byte-pinned headers.
22,C_CopyObject,2.40;3.0;3.1;3.2,CK_FUNCTION_LIST,T04;T05,A10;A11;A12;A13;A14;A15,planned,Planning seed; regenerate from reconciled byte-pinned headers.
23,C_DestroyObject,2.40;3.0;3.1;3.2,CK_FUNCTION_LIST,T04;T05,A10;A11;A12;A13;A14;A15,planned,Planning seed; regenerate from reconciled byte-pinned headers.
24,C_GetObjectSize,2.40;3.0;3.1;3.2,CK_FUNCTION_LIST,T04;T05,A10;A11;A12;A13;A14;A15,planned,Planning seed; regenerate from reconciled byte-pinned headers.
25,C_GetAttributeValue,2.40;3.0;3.1;3.2,CK_FUNCTION_LIST,T04;T05,A10;A11;A12;A13;A14;A15,planned,Planning seed; regenerate from reconciled byte-pinned headers.
26,C_SetAttributeValue,2.40;3.0;3.1;3.2,CK_FUNCTION_LIST,T04;T05,A10;A11;A12;A13;A14;A15,planned,Planning seed; regenerate from reconciled byte-pinned headers.
27,C_FindObjectsInit,2.40;3.0;3.1;3.2,CK_FUNCTION_LIST,T04;T05,A10;A11;A12;A13;A14;A15,planned,Planning seed; regenerate from reconciled byte-pinned headers.
28,C_FindObjects,2.40;3.0;3.1;3.2,CK_FUNCTION_LIST,T04;T05,A10;A11;A12;A13;A14;A15,planned,Planning seed; regenerate from reconciled byte-pinned headers.
29,C_FindObjectsFinal,2.40;3.0;3.1;3.2,CK_FUNCTION_LIST,T04;T05,A10;A11;A12;A13;A14;A15,planned,Planning seed; regenerate from reconciled byte-pinned headers.
30,C_EncryptInit,2.40;3.0;3.1;3.2,CK_FUNCTION_LIST,T08,A16;A21;A24,planned,Planning seed; regenerate from reconciled byte-pinned headers.
31,C_Encrypt,2.40;3.0;3.1;3.2,CK_FUNCTION_LIST,T08,A16;A21;A24,planned,Planning seed; regenerate from reconciled byte-pinned headers.
32,C_EncryptUpdate,2.40;3.0;3.1;3.2,CK_FUNCTION_LIST,T08,A16;A21;A24,planned,Planning seed; regenerate from reconciled byte-pinned headers.
33,C_EncryptFinal,2.40;3.0;3.1;3.2,CK_FUNCTION_LIST,T08,A16;A21;A24,planned,Planning seed; regenerate from reconciled byte-pinned headers.
34,C_DecryptInit,2.40;3.0;3.1;3.2,CK_FUNCTION_LIST,T08,A16;A21;A24,planned,Planning seed; regenerate from reconciled byte-pinned headers.
35,C_Decrypt,2.40;3.0;3.1;3.2,CK_FUNCTION_LIST,T08,A16;A21;A24,planned,Planning seed; regenerate from reconciled byte-pinned headers.
36,C_DecryptUpdate,2.40;3.0;3.1;3.2,CK_FUNCTION_LIST,T08,A16;A21;A24,planned,Planning seed; regenerate from reconciled byte-pinned headers.
37,C_DecryptFinal,2.40;3.0;3.1;3.2,CK_FUNCTION_LIST,T08,A16;A21;A24,planned,Planning seed; regenerate from reconciled byte-pinned headers.
38,C_DigestInit,2.40;3.0;3.1;3.2,CK_FUNCTION_LIST,T08,A16;A21;A24,planned,Planning seed; regenerate from reconciled byte-pinned headers.
39,C_Digest,2.40;3.0;3.1;3.2,CK_FUNCTION_LIST,T08,A16;A21;A24,planned,Planning seed; regenerate from reconciled byte-pinned headers.
40,C_DigestUpdate,2.40;3.0;3.1;3.2,CK_FUNCTION_LIST,T08,A16;A21;A24,planned,Planning seed; regenerate from reconciled byte-pinned headers.
41,C_DigestKey,2.40;3.0;3.1;3.2,CK_FUNCTION_LIST,T08,A16;A21;A24,planned,Planning seed; regenerate from reconciled byte-pinned headers.
42,C_DigestFinal,2.40;3.0;3.1;3.2,CK_FUNCTION_LIST,T08,A16;A21;A24,planned,Planning seed; regenerate from reconciled byte-pinned headers.
43,C_SignInit,2.40;3.0;3.1;3.2,CK_FUNCTION_LIST,T08,A16;A21;A24,planned,Planning seed; regenerate from reconciled byte-pinned headers.
44,C_Sign,2.40;3.0;3.1;3.2,CK_FUNCTION_LIST,T08,A16;A21;A24,planned,Planning seed; regenerate from reconciled byte-pinned headers.
45,C_SignUpdate,2.40;3.0;3.1;3.2,CK_FUNCTION_LIST,T08,A16;A21;A24,planned,Planning seed; regenerate from reconciled byte-pinned headers.
46,C_SignFinal,2.40;3.0;3.1;3.2,CK_FUNCTION_LIST,T08,A16;A21;A24,planned,Planning seed; regenerate from reconciled byte-pinned headers.
47,C_SignRecoverInit,2.40;3.0;3.1;3.2,CK_FUNCTION_LIST,T08,A16;A21;A24,planned,Planning seed; regenerate from reconciled byte-pinned headers.
48,C_SignRecover,2.40;3.0;3.1;3.2,CK_FUNCTION_LIST,T08,A16;A21;A24,planned,Planning seed; regenerate from reconciled byte-pinned headers.
49,C_VerifyInit,2.40;3.0;3.1;3.2,CK_FUNCTION_LIST,T08,A16;A21;A24,planned,Planning seed; regenerate from reconciled byte-pinned headers.
50,C_Verify,2.40;3.0;3.1;3.2,CK_FUNCTION_LIST,T08,A16;A21;A24,planned,Planning seed; regenerate from reconciled byte-pinned headers.
51,C_VerifyUpdate,2.40;3.0;3.1;3.2,CK_FUNCTION_LIST,T08,A16;A21;A24,planned,Planning seed; regenerate from reconciled byte-pinned headers.
52,C_VerifyFinal,2.40;3.0;3.1;3.2,CK_FUNCTION_LIST,T08,A16;A21;A24,planned,Planning seed; regenerate from reconciled byte-pinned headers.
53,C_VerifyRecoverInit,2.40;3.0;3.1;3.2,CK_FUNCTION_LIST,T08,A16;A21;A24,planned,Planning seed; regenerate from reconciled byte-pinned headers.
54,C_VerifyRecover,2.40;3.0;3.1;3.2,CK_FUNCTION_LIST,T08,A16;A21;A24,planned,Planning seed; regenerate from reconciled byte-pinned headers.
55,C_DigestEncryptUpdate,2.40;3.0;3.1;3.2,CK_FUNCTION_LIST,T08,A17,planned,Planning seed; regenerate from reconciled byte-pinned headers.
56,C_DecryptDigestUpdate,2.40;3.0;3.1;3.2,CK_FUNCTION_LIST,T08,A17,planned,Planning seed; regenerate from reconciled byte-pinned headers.
57,C_SignEncryptUpdate,2.40;3.0;3.1;3.2,CK_FUNCTION_LIST,T08,A17,planned,Planning seed; regenerate from reconciled byte-pinned headers.
58,C_DecryptVerifyUpdate,2.40;3.0;3.1;3.2,CK_FUNCTION_LIST,T08,A17,planned,Planning seed; regenerate from reconciled byte-pinned headers.
59,C_GenerateKey,2.40;3.0;3.1;3.2,CK_FUNCTION_LIST,T10;T16,A19;A20;A22;A23,planned,Planning seed; regenerate from reconciled byte-pinned headers.
60,C_GenerateKeyPair,2.40;3.0;3.1;3.2,CK_FUNCTION_LIST,T10;T16,A19;A20;A22;A23,planned,Planning seed; regenerate from reconciled byte-pinned headers.
61,C_WrapKey,2.40;3.0;3.1;3.2,CK_FUNCTION_LIST,T10;T16,A19;A20;A22;A23,planned,Planning seed; regenerate from reconciled byte-pinned headers.
62,C_UnwrapKey,2.40;3.0;3.1;3.2,CK_FUNCTION_LIST,T10;T16,A19;A20;A22;A23,planned,Planning seed; regenerate from reconciled byte-pinned headers.
63,C_DeriveKey,2.40;3.0;3.1;3.2,CK_FUNCTION_LIST,T10;T16,A19;A20;A22;A23,planned,Planning seed; regenerate from reconciled byte-pinned headers.
64,C_SeedRandom,2.40;3.0;3.1;3.2,CK_FUNCTION_LIST,T06,A37;A44,planned,Planning seed; regenerate from reconciled byte-pinned headers.
65,C_GenerateRandom,2.40;3.0;3.1;3.2,CK_FUNCTION_LIST,T06,A37;A44,planned,Planning seed; regenerate from reconciled byte-pinned headers.
66,C_GetFunctionStatus,2.40;3.0;3.1;3.2,CK_FUNCTION_LIST,T03;T08,A02;A31,planned,Planning seed; regenerate from reconciled byte-pinned headers. Legacy parallel API: test specified legacy result; not 3.2 async.
67,C_CancelFunction,2.40;3.0;3.1;3.2,CK_FUNCTION_LIST,T03;T08,A02;A31,planned,Planning seed; regenerate from reconciled byte-pinned headers. Legacy parallel API: test specified legacy result; not 3.2 async.
68,C_WaitForSlotEvent,2.40;3.0;3.1;3.2,CK_FUNCTION_LIST,T15,A32,planned,Planning seed; regenerate from reconciled byte-pinned headers.
69,C_GetInterfaceList,3.0;3.1;3.2,CK_FUNCTION_LIST_3_0,T01,A01;A02,planned,Planning seed; regenerate from reconciled byte-pinned headers.
70,C_GetInterface,3.0;3.1;3.2,CK_FUNCTION_LIST_3_0,T01,A01;A02,planned,Planning seed; regenerate from reconciled byte-pinned headers.
71,C_LoginUser,3.0;3.1;3.2,CK_FUNCTION_LIST_3_0,T03,A07;A08;A09;A15,planned,Planning seed; regenerate from reconciled byte-pinned headers.
72,C_SessionCancel,3.0;3.1;3.2,CK_FUNCTION_LIST_3_0,T08;T09;T12,A18;A24;A30,planned,Planning seed; regenerate from reconciled byte-pinned headers.
73,C_MessageEncryptInit,3.0;3.1;3.2,CK_FUNCTION_LIST_3_0,T09,A18;A19,planned,Planning seed; regenerate from reconciled byte-pinned headers.
74,C_EncryptMessage,3.0;3.1;3.2,CK_FUNCTION_LIST_3_0,T09,A18;A19,planned,Planning seed; regenerate from reconciled byte-pinned headers.
75,C_EncryptMessageBegin,3.0;3.1;3.2,CK_FUNCTION_LIST_3_0,T09,A18;A19,planned,Planning seed; regenerate from reconciled byte-pinned headers.
76,C_EncryptMessageNext,3.0;3.1;3.2,CK_FUNCTION_LIST_3_0,T09,A18;A19,planned,Planning seed; regenerate from reconciled byte-pinned headers.
77,C_MessageEncryptFinal,3.0;3.1;3.2,CK_FUNCTION_LIST_3_0,T09,A18;A19,planned,Planning seed; regenerate from reconciled byte-pinned headers.
78,C_MessageDecryptInit,3.0;3.1;3.2,CK_FUNCTION_LIST_3_0,T09,A18;A19,planned,Planning seed; regenerate from reconciled byte-pinned headers.
79,C_DecryptMessage,3.0;3.1;3.2,CK_FUNCTION_LIST_3_0,T09,A18;A19,planned,Planning seed; regenerate from reconciled byte-pinned headers.
80,C_DecryptMessageBegin,3.0;3.1;3.2,CK_FUNCTION_LIST_3_0,T09,A18;A19,planned,Planning seed; regenerate from reconciled byte-pinned headers.
81,C_DecryptMessageNext,3.0;3.1;3.2,CK_FUNCTION_LIST_3_0,T09,A18;A19,planned,Planning seed; regenerate from reconciled byte-pinned headers.
82,C_MessageDecryptFinal,3.0;3.1;3.2,CK_FUNCTION_LIST_3_0,T09,A18;A19,planned,Planning seed; regenerate from reconciled byte-pinned headers.
83,C_MessageSignInit,3.0;3.1;3.2,CK_FUNCTION_LIST_3_0,T09,A18;A19,planned,Planning seed; regenerate from reconciled byte-pinned headers.
84,C_SignMessage,3.0;3.1;3.2,CK_FUNCTION_LIST_3_0,T09,A18;A19,planned,Planning seed; regenerate from reconciled byte-pinned headers.
85,C_SignMessageBegin,3.0;3.1;3.2,CK_FUNCTION_LIST_3_0,T09,A18;A19,planned,Planning seed; regenerate from reconciled byte-pinned headers.
86,C_SignMessageNext,3.0;3.1;3.2,CK_FUNCTION_LIST_3_0,T09,A18;A19,planned,Planning seed; regenerate from reconciled byte-pinned headers.
87,C_MessageSignFinal,3.0;3.1;3.2,CK_FUNCTION_LIST_3_0,T09,A18;A19,planned,Planning seed; regenerate from reconciled byte-pinned headers.
88,C_MessageVerifyInit,3.0;3.1;3.2,CK_FUNCTION_LIST_3_0,T09,A18;A19,planned,Planning seed; regenerate from reconciled byte-pinned headers.
89,C_VerifyMessage,3.0;3.1;3.2,CK_FUNCTION_LIST_3_0,T09,A18;A19,planned,Planning seed; regenerate from reconciled byte-pinned headers.
90,C_VerifyMessageBegin,3.0;3.1;3.2,CK_FUNCTION_LIST_3_0,T09,A18;A19,planned,Planning seed; regenerate from reconciled byte-pinned headers.
91,C_VerifyMessageNext,3.0;3.1;3.2,CK_FUNCTION_LIST_3_0,T09,A18;A19,planned,Planning seed; regenerate from reconciled byte-pinned headers.
92,C_MessageVerifyFinal,3.0;3.1;3.2,CK_FUNCTION_LIST_3_0,T09,A18;A19,planned,Planning seed; regenerate from reconciled byte-pinned headers.
93,C_EncapsulateKey,3.2,CK_FUNCTION_LIST_3_2,T10;T16,A19;A20;A22;A23,planned,Planning seed; regenerate from reconciled byte-pinned headers.
94,C_DecapsulateKey,3.2,CK_FUNCTION_LIST_3_2,T10;T16,A19;A20;A22;A23,planned,Planning seed; regenerate from reconciled byte-pinned headers.
95,C_VerifySignatureInit,3.2,CK_FUNCTION_LIST_3_2,T08,A16;A21;A24,planned,Planning seed; regenerate from reconciled byte-pinned headers.
96,C_VerifySignature,3.2,CK_FUNCTION_LIST_3_2,T08,A16;A21;A24,planned,Planning seed; regenerate from reconciled byte-pinned headers.
97,C_VerifySignatureUpdate,3.2,CK_FUNCTION_LIST_3_2,T08,A16;A21;A24,planned,Planning seed; regenerate from reconciled byte-pinned headers.
98,C_VerifySignatureFinal,3.2,CK_FUNCTION_LIST_3_2,T08,A16;A21;A24,planned,Planning seed; regenerate from reconciled byte-pinned headers.
99,C_GetSessionValidationFlags,3.2,CK_FUNCTION_LIST_3_2,T16,A40;A45,planned,Planning seed; regenerate from reconciled byte-pinned headers.
100,C_AsyncComplete,3.2,CK_FUNCTION_LIST_3_2,T12;T14,A25;A26;A27;A28;A30,planned,Planning seed; regenerate from reconciled byte-pinned headers.
101,C_AsyncGetID,3.2,CK_FUNCTION_LIST_3_2,T14,A28;A29;A30,planned,Planning seed; regenerate from reconciled byte-pinned headers.
102,C_AsyncJoin,3.2,CK_FUNCTION_LIST_3_2,T14,A28;A29;A30,planned,Planning seed; regenerate from reconciled byte-pinned headers.
103,C_WrapKeyAuthenticated,3.2,CK_FUNCTION_LIST_3_2,T10;T16,A19;A20;A22;A23,planned,Planning seed; regenerate from reconciled byte-pinned headers.
104,C_UnwrapKeyAuthenticated,3.2,CK_FUNCTION_LIST_3_2,T10;T16,A19;A20;A22;A23,planned,Planning seed; regenerate from reconciled byte-pinned headers.
